<metadata xml:lang="en"><Esri><CreaDate>20200807</CreaDate><CreaTime>15330000</CreaTime><SyncOnce>FALSE</SyncOnce><DataProperties><lineage><Process ToolSource="C:\Archivos de programa\ArcGIs\Desktop10.0\ArcToolbox\Toolboxes\Cartography Tools.tbx\DropRepresentation" Date="20120227" Time="082620">DropRepresentation "X:\MODELOS DEFINITIVOS\GEODATABASE_V7_21_02_2012\25k_V7_27_02_2012.mdb\Entidades_Territoriales_y_Unidades_Administrativas\Administrativo_P" Administrativo_P_Rep</Process><Process ToolSource="C:\Archivos de programa\ArcGIs\Desktop10.0\ArcToolbox\Toolboxes\Cartography Tools.tbx\AddRepresentation" Date="20120227" Time="082624">AddRepresentation "X:\MODELOS DEFINITIVOS\GEODATABASE_V7_21_02_2012\25k_V7_27_02_2012.mdb\Entidades_Territoriales_y_Unidades_Administrativas\Administrativo_P" Administrativo_P_Rep RuleID Override STORE_CHANGE_AS_OVERRIDE "Z:\TRANSFERENCIAS\FERNANDO\GEODATABASE_V7_21_02_2012\Administrativo_P layer.lyr" ASSIGN</Process><Process ToolSource="C:\Program Files (x86)\ArcGIS\Desktop10.0\ArcToolbox\Toolboxes\Data Management Tools.tbx\AddField" Date="20130716" Time="112948">AddField D:\Proyecto\fgonzalez\PRUEBAS\CORPORATIVA_25K\25K_V8_15_07_2013_Geograficas.mdb\Entidades_Territoriales_y_Unidades_Administrativas\Administrativo_P CAMBIO TEXT # # 2 # NULLABLE NON_REQUIRED #</Process><Process ToolSource="C:\Program Files (x86)\ArcGIS\Desktop10.0\ArcToolbox\Toolboxes\Data Management Tools.tbx\AssignDomainToField" Date="20130716" Time="112950">AssignDomainToField D:\Proyecto\fgonzalez\PRUEBAS\CORPORATIVA_25K\25K_V8_15_07_2013_Geograficas.mdb\Entidades_Territoriales_y_Unidades_Administrativas\Administrativo_P CAMBIO Dom_Cambios #</Process><Process ToolSource="C:\Program Files (x86)\ArcGIS\Desktop10.0\ArcToolbox\Toolboxes\Data Management Tools.tbx\AddField" Date="20130716" Time="112952">AddField D:\Proyecto\fgonzalez\PRUEBAS\CORPORATIVA_25K\25K_V8_15_07_2013_Geograficas.mdb\Entidades_Territoriales_y_Unidades_Administrativas\Administrativo_P RESPONSABLE TEXT # # 100 # NULLABLE NON_REQUIRED #</Process><Process ToolSource="C:\Program Files (x86)\ArcGIS\Desktop10.0\ArcToolbox\Toolboxes\Data Management Tools.tbx\AddField" Date="20130716" Time="112954">AddField D:\Proyecto\fgonzalez\PRUEBAS\CORPORATIVA_25K\25K_V8_15_07_2013_Geograficas.mdb\Entidades_Territoriales_y_Unidades_Administrativas\Administrativo_P VIGENCIA TEXT # # 2 # NULLABLE NON_REQUIRED #</Process><Process ToolSource="C:\Program Files (x86)\ArcGIS\Desktop10.0\ArcToolbox\Toolboxes\Data Management Tools.tbx\AssignDomainToField" Date="20130716" Time="112956">AssignDomainToField D:\Proyecto\fgonzalez\PRUEBAS\CORPORATIVA_25K\25K_V8_15_07_2013_Geograficas.mdb\Entidades_Territoriales_y_Unidades_Administrativas\Administrativo_P VIGENCIA Dom_Vigencia #</Process><Process ToolSource="C:\Program Files (x86)\ArcGIS\Desktop10.0\ArcToolbox\Toolboxes\Data Management Tools.tbx\AddField" Date="20130716" Time="112957">AddField D:\Proyecto\fgonzalez\PRUEBAS\CORPORATIVA_25K\25K_V8_15_07_2013_Geograficas.mdb\Entidades_Territoriales_y_Unidades_Administrativas\Administrativo_P FECHA_MODIFICACION DATE # # # # NULLABLE NON_REQUIRED #</Process><Process ToolSource="C:\Program Files (x86)\ArcGIS\Desktop10.0\ArcToolbox\Toolboxes\Conversion Tools.tbx\FeatureClassToFeatureClass" Date="20130719" Time="125801">FeatureClassToFeatureClass X:\PRUEBAS\CORPORATIVA_25K\25K_V8_15_07_2013_Geograficas.mdb\Entidades_Territoriales_y_Unidades_Administrativas\Administrativo_P X:\PRUEBAS\CORPORATIVA_25K\Definitiva.mdb\Entidades_Territoriales_y_Unidades_Administrativas Administrativo_P # "CODIGO_NOMBRE "Codigo_Nombre" true true false 255 Text 0 0 ,First,#,X:\PRUEBAS\CORPORATIVA_25K\25K_V8_15_07_2013_Geograficas.mdb\Entidades_Territoriales_y_Unidades_Administrativas\Administrativo_P,CODIGO_NOMBRE,-1,-1;SYMBOL "Symbol" true true false 255 Text 0 0 ,First,#,X:\PRUEBAS\CORPORATIVA_25K\25K_V8_15_07_2013_Geograficas.mdb\Entidades_Territoriales_y_Unidades_Administrativas\Administrativo_P,SYMBOL,-1,-1;PROYECTO "PROYECTO" true true false 30 Text 0 0 ,First,#,X:\PRUEBAS\CORPORATIVA_25K\25K_V8_15_07_2013_Geograficas.mdb\Entidades_Territoriales_y_Unidades_Administrativas\Administrativo_P,PROYECTO,-1,-1;FECHA "FECHA" true true false 8 Date 0 0 ,First,#,X:\PRUEBAS\CORPORATIVA_25K\25K_V8_15_07_2013_Geograficas.mdb\Entidades_Territoriales_y_Unidades_Administrativas\Administrativo_P,FECHA,-1,-1;NOMBRE_GEOGRAFICO "NMG" true true false 255 Text 0 0 ,First,#,X:\PRUEBAS\CORPORATIVA_25K\25K_V8_15_07_2013_Geograficas.mdb\Entidades_Territoriales_y_Unidades_Administrativas\Administrativo_P,NOMBRE_GEOGRAFICO,-1,-1;PK_CUE "PK_CUE" true true false 8 Double 0 0 ,First,#,X:\PRUEBAS\CORPORATIVA_25K\25K_V8_15_07_2013_Geograficas.mdb\Entidades_Territoriales_y_Unidades_Administrativas\Administrativo_P,PK_CUE,-1,-1;CAMBIO "CAMBIO" true true false 2 Text 0 0 ,First,#,X:\PRUEBAS\CORPORATIVA_25K\25K_V8_15_07_2013_Geograficas.mdb\Entidades_Territoriales_y_Unidades_Administrativas\Administrativo_P,CAMBIO,-1,-1;RESPONSABLE "RESPONSABLE" true true false 100 Text 0 0 ,First,#,X:\PRUEBAS\CORPORATIVA_25K\25K_V8_15_07_2013_Geograficas.mdb\Entidades_Territoriales_y_Unidades_Administrativas\Administrativo_P,RESPONSABLE,-1,-1;VIGENCIA "VIGENCIA" true true false 2 Text 0 0 ,First,#,X:\PRUEBAS\CORPORATIVA_25K\25K_V8_15_07_2013_Geograficas.mdb\Entidades_Territoriales_y_Unidades_Administrativas\Administrativo_P,VIGENCIA,-1,-1;FECHA_MODIFICACION "FECHA_MODIFICACION" true true false 8 Date 0 0 ,First,#,X:\PRUEBAS\CORPORATIVA_25K\25K_V8_15_07_2013_Geograficas.mdb\Entidades_Territoriales_y_Unidades_Administrativas\Administrativo_P,FECHA_MODIFICACION,-1,-1" #</Process><Process ToolSource="C:\Program Files (x86)\ArcGIS\Desktop10.0\ArcToolbox\Toolboxes\Data Management Tools.tbx\Append" Date="20150413" Time="071305">Append GPL0 GPL1 NO_TEST "CODIGO_NOMBRE "Codigo_Nombre" true true false 255 Text 0 0 ,First,#,X:\Cuenca 2704_02\Corte\83IIIB.mdb\Administrativo_P,CODIGO_NOMBRE,-1,-1,X:\Cuenca 2704_02\Corte 2\83IIIB.mdb\Administrativo_P,CODIGO_NOMBRE,-1,-1;SYMBOL "Symbol" true true false 255 Text 0 0 ,First,#,X:\Cuenca 2704_02\Corte\83IIIB.mdb\Administrativo_P,SYMBOL,-1,-1,X:\Cuenca 2704_02\Corte 2\83IIIB.mdb\Administrativo_P,SYMBOL,-1,-1;PROYECTO "PROYECTO" true true false 30 Text 0 0 ,First,#,X:\Cuenca 2704_02\Corte\83IIIB.mdb\Administrativo_P,PROYECTO,-1,-1,X:\Cuenca 2704_02\Corte 2\83IIIB.mdb\Administrativo_P,PROYECTO,-1,-1;FECHA "FECHA" true true false 8 Date 0 0 ,First,#,X:\Cuenca 2704_02\Corte\83IIIB.mdb\Administrativo_P,FECHA,-1,-1,X:\Cuenca 2704_02\Corte 2\83IIIB.mdb\Administrativo_P,FECHA,-1,-1;NOMBRE_GEOGRAFICO "NMG" true true false 255 Text 0 0 ,First,#,X:\Cuenca 2704_02\Corte\83IIIB.mdb\Administrativo_P,NOMBRE_GEOGRAFICO,-1,-1,X:\Cuenca 2704_02\Corte 2\83IIIB.mdb\Administrativo_P,NOMBRE_GEOGRAFICO,-1,-1;PK_CUE "PK_CUE" true true false 8 Double 0 0 ,First,#,X:\Cuenca 2704_02\Corte\83IIIB.mdb\Administrativo_P,PK_CUE,-1,-1,X:\Cuenca 2704_02\Corte 2\83IIIB.mdb\Administrativo_P,PK_CUE,-1,-1;CAMBIO "CAMBIO" true true false 2 Text 0 0 ,First,#,X:\Cuenca 2704_02\Corte\83IIIB.mdb\Administrativo_P,CAMBIO,-1,-1,X:\Cuenca 2704_02\Corte 2\83IIIB.mdb\Administrativo_P,CAMBIO,-1,-1;RESPONSABLE "RESPONSABLE" true true false 100 Text 0 0 ,First,#,X:\Cuenca 2704_02\Corte\83IIIB.mdb\Administrativo_P,RESPONSABLE,-1,-1,X:\Cuenca 2704_02\Corte 2\83IIIB.mdb\Administrativo_P,RESPONSABLE,-1,-1;VIGENCIA "VIGENCIA" true true false 2 Text 0 0 ,First,#,X:\Cuenca 2704_02\Corte\83IIIB.mdb\Administrativo_P,VIGENCIA,-1,-1,X:\Cuenca 2704_02\Corte 2\83IIIB.mdb\Administrativo_P,VIGENCIA,-1,-1;FECHA_MODIFICACION "FECHA_MODIFICACION" true true false 8 Date 0 0 ,First,#,X:\Cuenca 2704_02\Corte\83IIIB.mdb\Administrativo_P,FECHA_MODIFICACION,-1,-1,X:\Cuenca 2704_02\Corte 2\83IIIB.mdb\Administrativo_P,FECHA_MODIFICACION,-1,-1;FCOID "FCOID" true true false 0 Long 0 0 ,First,#,X:\Cuenca 2704_02\Corte\83IIIB.mdb\Administrativo_P,FCOID,-1,-1,X:\Cuenca 2704_02\Corte 2\83IIIB.mdb\Administrativo_P,FCOID,-1,-1;NewRuleID "NewRuleID" true true false 0 Long 0 0 ,First,#,X:\Cuenca 2704_02\Corte\83IIIB.mdb\Administrativo_P,NewRuleID,-1,-1,X:\Cuenca 2704_02\Corte 2\83IIIB.mdb\Administrativo_P,NewRuleID,-1,-1" #</Process><Process ToolSource="c:\program files (x86)\arcgis\desktop10.3\ArcToolbox\Toolboxes\Data Management Tools.tbx\DeleteField" Date="20180419" Time="170421">DeleteField X:\ENTREGAS\25K\HOJAS\14\83IIIB\83IIIB_GE_2014_V1.mdb\Entidades_Territoriales_y_Unidades_Administrativas\Administrativo_P RESPONSABLE</Process><Process ToolSource="c:\program files (x86)\arcgis\desktop10.5\ArcToolbox\Toolboxes\Data Management Tools.tbx\CopyFeatures" Date="20200807" Time="153849">CopyFeatures D:\cluster_scripts\procesamiento_3\temp\83IIIB_GE_2014_V1_gdb\83IIIB_GE_2014_V1.gdb\Entidades_Territoriales_y_Unidades_Administrativas\Administrativo_P D:\cluster_scripts\procesamiento_3\temp\83IIIB_GE_2014_V1_shp\83IIIB_GE_2014_V1_shp\Administrativo_P.shp # 0 0 0</Process></lineage><itemProps><itemLocation><linkage Sync="TRUE">file://\\SRVARCGIS\D$\cluster_scripts\procesamiento_3\temp\83IIIB_GE_2014_V1_shp\83IIIB_GE_2014_V1_shp\Administrativo_P.shp</linkage><protocol Sync="TRUE">Local Area Network</protocol></itemLocation><itemName Sync="TRUE">Administrativo_P</itemName><imsContentType Sync="TRUE">002</imsContentType><itemSize Sync="TRUE">0.000</itemSize></itemProps><coordRef><type Sync="TRUE">Projected</type><geogcsn Sync="TRUE">MAGNA-SIRGAS</geogcsn><csUnits Sync="TRUE">Linear Unit: Meter (1.000000)</csUnits><peXml Sync="TRUE">&lt;ProjectedCoordinateSystem xsi:type='typens:ProjectedCoordinateSystem' xmlns:xsi='http://www.w3.org/2001/XMLSchema-instance' xmlns:xs='http://www.w3.org/2001/XMLSchema' xmlns:typens='http://www.esri.com/schemas/ArcGIS/10.5'&gt;&lt;WKT&gt;PROJCS[&amp;quot;MAGNA-SIRGAS / Origen-Nacional&amp;quot;,GEOGCS[&amp;quot;MAGNA-SIRGAS&amp;quot;,DATUM[&amp;quot;Marco_Geocentrico_Nacional_de_Referencia&amp;quot;,SPHEROID[&amp;quot;GRS 1980&amp;quot;,6378137.0,298.257222101]],PRIMEM[&amp;quot;Greenwich&amp;quot;,0.0],UNIT[&amp;quot;degree&amp;quot;,0.0174532925199433]],PROJECTION[&amp;quot;Transverse_Mercator&amp;quot;],PARAMETER[&amp;quot;false_easting&amp;quot;,5000000.0],PARAMETER[&amp;quot;false_northing&amp;quot;,2000000.0],PARAMETER[&amp;quot;central_meridian&amp;quot;,-73.0],PARAMETER[&amp;quot;scale_factor&amp;quot;,0.9992],PARAMETER[&amp;quot;latitude_of_origin&amp;quot;,4.0],UNIT[&amp;quot;Metre&amp;quot;,1.0]]&lt;/WKT&gt;&lt;XOrigin&gt;-618700&lt;/XOrigin&gt;&lt;YOrigin&gt;-8436100&lt;/YOrigin&gt;&lt;XYScale&gt;450623577.52990448&lt;/XYScale&gt;&lt;ZOrigin&gt;-100000&lt;/ZOrigin&gt;&lt;ZScale&gt;10000&lt;/ZScale&gt;&lt;MOrigin&gt;-100000&lt;/MOrigin&gt;&lt;MScale&gt;10000&lt;/MScale&gt;&lt;XYTolerance&gt;0.001&lt;/XYTolerance&gt;&lt;ZTolerance&gt;0.001&lt;/ZTolerance&gt;&lt;MTolerance&gt;0.001&lt;/MTolerance&gt;&lt;HighPrecision&gt;true&lt;/HighPrecision&gt;&lt;/ProjectedCoordinateSystem&gt;</peXml><projcsn Sync="TRUE">MAGNA-SIRGAS / Origen-Nacional</projcsn></coordRef></DataProperties><ArcGISFormat>1.0</ArcGISFormat><ArcGISstyle>ISO 19139 Metadata Implementation Specification</ArcGISstyle><SyncDate>20200807</SyncDate><SyncTime>15384900</SyncTime><ModDate>20200807</ModDate><ModTime>15384900</ModTime></Esri><dataIdInfo><envirDesc Sync="TRUE">Microsoft Windows Server 2008 R2 Version 6.1 (Build 7601) Service Pack 1; Esri ArcGIS 10.5.0.6491</envirDesc><dataLang><languageCode value="spa" Sync="TRUE"></languageCode><countryCode value="COL" Sync="TRUE"></countryCode></dataLang><idCitation><resTitle Sync="TRUE">Administrativo_P</resTitle><presForm><PresFormCd value="005" Sync="TRUE"></PresFormCd></presForm></idCitation><spatRpType><SpatRepTypCd value="001" Sync="TRUE"></SpatRepTypCd></spatRpType></dataIdInfo><mdLang><languageCode value="spa" Sync="TRUE"></languageCode><countryCode value="COL" Sync="TRUE"></countryCode></mdLang><distInfo><distFormat><formatName Sync="TRUE">Shapefile</formatName></distFormat><distTranOps><transSize Sync="TRUE">0.000</transSize></distTranOps></distInfo><mdHrLv><ScopeCd value="005" Sync="TRUE"></ScopeCd></mdHrLv><mdHrLvName Sync="TRUE">dataset</mdHrLvName><refSysInfo><RefSystem><refSysID><identCode code="0" Sync="TRUE"></identCode><idCodeSpace Sync="TRUE">EPSG</idCodeSpace><idVersion Sync="TRUE">7.4.1</idVersion></refSysID></RefSystem></refSysInfo><spatRepInfo><VectSpatRep><geometObjs Name="Administrativo_P"><geoObjTyp><GeoObjTypCd value="004" Sync="TRUE"></GeoObjTypCd></geoObjTyp><geoObjCnt Sync="TRUE">0</geoObjCnt></geometObjs><topLvl><TopoLevCd value="001" Sync="TRUE"></TopoLevCd></topLvl></VectSpatRep></spatRepInfo><spdoinfo><ptvctinf><esriterm Name="Administrativo_P"><efeatyp Sync="TRUE">Simple</efeatyp><efeageom code="1" Sync="TRUE"></efeageom><esritopo Sync="TRUE">FALSE</esritopo><efeacnt Sync="TRUE">0</efeacnt><spindex Sync="TRUE">FALSE</spindex><linrefer Sync="TRUE">TRUE</linrefer></esriterm></ptvctinf></spdoinfo><eainfo><detailed Name="Administrativo_P"><enttyp><enttypl Sync="TRUE">Administrativo_P</enttypl><enttypt Sync="TRUE">Feature Class</enttypt><enttypc Sync="TRUE">0</enttypc></enttyp><attr><attrlabl Sync="TRUE">FID</attrlabl><attalias Sync="TRUE">FID</attalias><attrtype Sync="TRUE">OID</attrtype><attwidth Sync="TRUE">4</attwidth><atprecis Sync="TRUE">0</atprecis><attscale Sync="TRUE">0</attscale><attrdef Sync="TRUE">Internal feature number.</attrdef><attrdefs Sync="TRUE">Esri</attrdefs><attrdomv><udom Sync="TRUE">Sequential unique whole numbers that are automatically generated.</udom></attrdomv></attr><attr><attrlabl Sync="TRUE">Shape</attrlabl><attalias Sync="TRUE">Shape</attalias><attrtype Sync="TRUE">Geometry</attrtype><attwidth Sync="TRUE">0</attwidth><atprecis Sync="TRUE">0</atprecis><attscale Sync="TRUE">0</attscale><attrdef Sync="TRUE">Feature geometry.</attrdef><attrdefs Sync="TRUE">ESRI</attrdefs><attrdomv><udom Sync="TRUE">Coordinates defining the features.</udom></attrdomv></attr><attr><attrlabl Sync="TRUE">CODIGO_NOM</attrlabl><attalias Sync="TRUE">CODIGO_NOM</attalias><attrtype Sync="TRUE">String</attrtype><attwidth Sync="TRUE">254</attwidth><atprecis Sync="TRUE">0</atprecis><attscale Sync="TRUE">0</attscale></attr><attr><attrlabl Sync="TRUE">SYMBOL</attrlabl><attalias Sync="TRUE">SYMBOL</attalias><attrtype Sync="TRUE">String</attrtype><attwidth Sync="TRUE">254</attwidth><atprecis Sync="TRUE">0</atprecis><attscale Sync="TRUE">0</attscale></attr><attr><attrlabl Sync="TRUE">PROYECTO</attrlabl><attalias Sync="TRUE">PROYECTO</attalias><attrtype Sync="TRUE">String</attrtype><attwidth Sync="TRUE">30</attwidth><atprecis Sync="TRUE">0</atprecis><attscale Sync="TRUE">0</attscale></attr><attr><attrlabl Sync="TRUE">FECHA</attrlabl><attalias Sync="TRUE">FECHA</attalias><attrtype Sync="TRUE">Date</attrtype><attwidth Sync="TRUE">8</attwidth><atprecis Sync="TRUE">0</atprecis><attscale Sync="TRUE">0</attscale></attr><attr><attrlabl Sync="TRUE">NOMBRE_GEO</attrlabl><attalias Sync="TRUE">NOMBRE_GEO</attalias><attrtype Sync="TRUE">String</attrtype><attwidth Sync="TRUE">254</attwidth><atprecis Sync="TRUE">0</atprecis><attscale Sync="TRUE">0</attscale></attr><attr><attrlabl Sync="TRUE">PK_CUE</attrlabl><attalias Sync="TRUE">PK_CUE</attalias><attrtype Sync="TRUE">Double</attrtype><attwidth Sync="TRUE">19</attwidth><atprecis Sync="TRUE">0</atprecis><attscale Sync="TRUE">0</attscale></attr><attr><attrlabl Sync="TRUE">CAMBIO</attrlabl><attalias Sync="TRUE">CAMBIO</attalias><attrtype Sync="TRUE">String</attrtype><attwidth Sync="TRUE">2</attwidth><atprecis Sync="TRUE">0</atprecis><attscale Sync="TRUE">0</attscale></attr><attr><attrlabl Sync="TRUE">VIGENCIA</attrlabl><attalias Sync="TRUE">VIGENCIA</attalias><attrtype Sync="TRUE">String</attrtype><attwidth Sync="TRUE">2</attwidth><atprecis Sync="TRUE">0</atprecis><attscale Sync="TRUE">0</attscale></attr><attr><attrlabl Sync="TRUE">FECHA_MODI</attrlabl><attalias Sync="TRUE">FECHA_MODI</attalias><attrtype Sync="TRUE">Date</attrtype><attwidth Sync="TRUE">8</attwidth><atprecis Sync="TRUE">0</atprecis><attscale Sync="TRUE">0</attscale></attr><attr><attrlabl Sync="TRUE">RuleID</attrlabl><attalias Sync="TRUE">RuleID</attalias><attrtype Sync="TRUE">Integer</attrtype><attwidth Sync="TRUE">10</attwidth><atprecis Sync="TRUE">10</atprecis><attscale Sync="TRUE">0</attscale></attr></detailed></eainfo><mdDateSt Sync="TRUE">20200807</mdDateSt></metadata>
